Workbook

Sheet 小測1_力與運動
A1: 學號 | B1: 姓名 | C1: Q1 | D1: Q2 | E1: Q3 | F1: Q4 | G1: Q5 | H1: Q6 | I1: Q7 | J1: Q8 | K1: Q9 | L1: Q10 | M1: 總分(滿分20)
A2: 2B01 | B2: 陳樂軒 | C2: 2 | D2: 1 | E2: 1 | F2: 0 | G2: 2 | H2: 2 | I2: 2 | J2: 0 | K2: 0 | L2: 0 | M2: {==IF(COUNT(C2:L2)=0,"缺考",SUM(C2:L2))} -> 10
A3: 2B02 | B3: 黃梓晴 | C3: 2 | D3: 2 | E3: 2 | F3: 0 | G3: 0 | H3: 0 | I3: 0 | J3: 2 | K3: 0 | L3: 0 | M3: {==IF(COUNT(C3:L3)=0,"缺考",SUM(C3:L3))} -> 8
A4: 2B03 | B4: 李浩然 | C4: 2 | D4: 2 | E4: 2 | F4: 2 | G4: 0 | H4: 0 | I4: 2 | J4: 2 | K4: 0 | L4: 2 | M4: {==IF(COUNT(C4:L4)=0,"缺考",SUM(C4:L4))} -> 14
A5: 2B04 | B5: 何詠琪 | C5: 2 | D5: 0 | E5: 2 | F5: 2 | G5: 0 | H5: 2 | I5: 2 | J5: 1 | K5: 0 | L5: 1 | M5: {==IF(COUNT(C5:L5)=0,"缺考",SUM(C5:L5))} -> 12
A6: 2B05 | B6: 梁家俊 | C6: 2 | D6: 0 | E6: 2 | F6: 0 | G6: 2 | H6: 0 | I6: 1 | J6: 0 | K6: 0 | L6: 0 | M6: {==IF(COUNT(C6:L6)=0,"缺考",SUM(C6:L6))} -> 7
A7: 2B06 | B7: 林曉彤 | C7: 2 | D7: 2 | E7: 0 | F7: 2 | G7: 2 | H7: 0 | I7: 0 | J7: 2 | K7: 0 | L7: 0 | M7: {==IF(COUNT(C7:L7)=0,"缺考",SUM(C7:L7))} -> 10
A8: 2B07 | B8: 張卓謙 | C8: 0 | D8: 2 | E8: 2 | F8: 0 | G8: 2 | H8: 1 | I8: 2 | J8: 0 | K8: 0 | L8: 1 | M8: {==IF(COUNT(C8:L8)=0,"缺考",SUM(C8:L8))} -> 10
A9: 2B08 | B9: 吳芷瑩 | C9: 2 | D9: 2 | E9: 2 | F9: 2 | G9: 1 | H9: 2 | I9: 2 | J9: 2 | K9: 0 | L9: 2 | M9: {==IF(COUNT(C9:L9)=0,"缺考",SUM(C9:L9))} -> 17
A10: 2B09 | B10: 鄭子朗 | C10: 2 | D10: 2 | E10: 1 | F10: 2 | G10: 2 | H10: 0 | I10: 2 | J10: 0 | K10: 2 | L10: 0 | M10: {==IF(COUNT(C10:L10)=0,"缺考",SUM(C10:L10))} -> 13
A11: 2B10 | B11: 劉思穎 | C11: 2 | D11: 2 | E11: 2 | F11: 2 | G11: 2 | H11: 0 | I11: 2 | J11: 2 | K11: 2 | L11: 2 | M11: {==IF(COUNT(C11:L11)=0,"缺考",SUM(C11:L11))} -> 18
A12: 2B11 | B12: 周俊熙 | C12: 2 | D12: 2 | E12: 2 | F12: 2 | G12: 2 | H12: 0 | I12: 1 | J12: 2 | K12: 2 | L12: 2 | M12: {==IF(COUNT(C12:L12)=0,"缺考",SUM(C12:L12))} -> 17
A13: 2B12 | B13: 葉凱琳 | C13: 2 | D13: 2 | E13: 1 | F13: 2 | G13: 0 | H13: 1 | I13: 2 | J13: 2 | K13: 2 | L13: 2 | M13: {==IF(COUNT(C13:L13)=0,"缺考",SUM(C13:L13))} -> 16
... A21: 2B20 | B21: 袁詩晴 | C21: 2 | D21: 2 | E21: 2 | F21: 2 | G21: 0 | H21: 2 | I21: 0 | J21: 0 | K21: 0 | L21: 0 | M21: {==IF(COUNT(C21:L21)=0,"缺考",SUM(C21:L21))} -> 10
A22: 2B21 | B22: 羅正賢 | M22: {==IF(COUNT(C22:L22)=0,"缺考",SUM(C22:L22))} -> 缺考
A23: 2B22 | B23: 蕭卓琳 | C23: 2 | D23: 2 | E23: 2 | F23: 2 | G23: 2 | H23: 2 | I23: 2 | J23: 2 | K23: 0 | L23: 2 | M23: {==IF(COUNT(C23:L23)=0,"缺考",SUM(C23:L23))} -> 18
A24: 2B23 | B24: 區健朗 | C24: 2 | D24: 2 | E24: 2 | F24: 0 | G24: 2 | H24: 1 | I24: 2 | J24: 0 | K24: 0 | L24: 1 | M24: {==IF(COUNT(C24:L24)=0,"缺考",SUM(C24:L24))} -> 12
A25: 2B24 | B25: 容樂兒 | C25: 2 | D25: 2 | E25: 2 | F25: 2 | G25: 2 | H25: 2 | I25: 1 | J25: 2 | K25: 0 | L25: 0 | M25: {==IF(COUNT(C25:L25)=0,"缺考",SUM(C25:L25))} -> 15
A26: 2B25 | B26: 高浩晴 | C26: 2 | D26: 2 | E26: 2 | F26: 2 | G26: 2 | H26: 2 | I26: 2 | J26: 1 | K26: 2 | L26: 0 | M26: {==IF(COUNT(C26:L26)=0,"缺考",SUM(C26:L26))} -> 17
A27: 2B26 | B27: 莫俊傑 | C27: 0 | D27: 2 | E27: 2 | F27: 2 | G27: 0 | H27: 0 | I27: 0 | J27: 2 | K27: 1 | L27: 0 | M27: {==IF(COUNT(C27:L27)=0,"缺考",SUM(C27:L27))} -> 9
A28: 2B27 | B28: 伍曉晴 | C28: 2 | D28: 2 | E28: 2 | F28: 2 | G28: 2 | H28: 2 | I28: 0 | J28: 2 | K28: 2 | L28: 2 | M28: {==IF(COUNT(C28:L28)=0,"缺考",SUM(C28:L28))} -> 18
A29: 2B28 | B29: 施文博 | C29: 2 | D29: 2 | E29: 2 | F29: 2 | G29: 1 | H29: 2 | I29: 2 | J29: 2 | K29: 2 | L29: 0 | M29: {==IF(COUNT(C29:L29)=0,"缺考",SUM(C29:L29))} -> 17
A30: 2B29 | B30: 歐陽思朗 | C30: 2 | D30: 2 | E30: 1 | F30: 2 | G30: 2 | H30: 2 | I30: 1 | J30: 2 | K30: 0 | L30: 1 | M30: {==IF(COUNT(C30:L30)=0,"缺考",SUM(C30:L30))} -> 15
A31: 2B30 | B31: 官詠恩 | C31: 0 | D31: 0 | E31: 2 | F31: 1 | G31: 2 | H31: 2 | I31: 0 | J31: 1 | K31: 1 | L31: 0 | M31: {==IF(COUNT(C31:L31)=0,"缺考",SUM(C31:L31))} -> 9

Sheet 小測1_題目考點
A1: 題號 | B1: 考點 | C1: 題型 | D1: 分數
A2: Q1 | B2: 力的單位（牛頓 N） | C2: 選擇 | D2: 2
A3: Q2 | B3: 重力與質量的分別 | C3: 選擇 | D3: 2
A4: Q3 | B4: 合力計算（同一直線） | C4: 計算 | D4: 2
A5: Q4 | B5: 摩擦力方向 | C5: 選擇 | D5: 2
A6: Q5 | B6: 平衡力判斷 | C6: 選擇 | D6: 2
A7: Q6 | B7: 牛頓第一定律：慣性情境解釋 | C7: 短答 | D7: 2
A8: Q7 | B8: 速度＝距離÷時間 | C8: 計算 | D8: 2
A9: Q8 | B9: 速度–時間圖讀圖 | C9: 讀圖 | D9: 2
A10: Q9 | B10: 加速度概念（a=Δv/t） | C10: 計算 | D10: 2
A11: Q10 | B11: 安全帶與慣性 | C11: 短答 | D11: 2

Sheet 期中各科成績
A1: 學號 | B1: 姓名 | C1: 中文 | D1: 英文 | E1: 葡文 | F1: 數學 | G1: 科學(物理) | H1: 歷史 | I1: 地理 | J1: 總分 | K1: 備註
A2: 2B01 | B2: 陳樂軒 | C2: 51 | D2: 56 | E2: 50 | F2: 43 | G2: 50 | H2: 53 | I2: 46 | J2: ==SUM(C2:I2) -> 349
A3: 2B02 | B3: 黃梓晴 | C3: 88 | D3: 90 | E3: 85 | F3: 91 | G3: 52 | H3: 86 | I3: 89 | J3: ==SUM(C3:I3) -> 581
A4: 2B03 | B4: 李浩然 | C4: 70 | D4: 64 | E4: 69 | F4: 60 | G4: 64 | H4: 80 | I4: 67 | J4: ==SUM(C4:I4) -> 474
A5: 2B04 | B5: 何詠琪 | C5: 58 | D5: 58 | E5: 58 | F5: 67 | G5: 79 | H5: 61 | I5: 75 | J5: ==SUM(C5:I5) -> 456
A6: 2B05 | B6: 梁家俊 | C6: 86 | D6: 70 | E6: 90 | F6: 75 | G6: 87 | H6: 73 | I6: 71 | J6: ==SUM(C6:I6) -> 552
A7: 2B06 | B7: 林曉彤 | C7: 70 | D7: 76 | E7: 62 | F7: 56 | G7: 65 | H7: 67 | I7: 56 | J7: ==SUM(C7:I7) -> 452
A8: 2B07 | B8: 張卓謙 | C8: 93 | D8: 71 | E8: 73 | F8: 81 | G8: 72 | H8: 72 | I8: 75 | J8: ==SUM(C8:I8) -> 537
A9: 2B08 | B9: 吳芷瑩 | C9: 80 | D9: 88 | E9: 84 | F9: 72 | G9: 98 | H9: 83 | I9: 81 | J9: ==SUM(C9:I9) -> 586
A10: 2B09 | B10: 鄭子朗 | C10: 92 | D10: 87 | E10: 48 | F10: 90 | G10: 88 | H10: 84 | I10: 85 | J10: ==SUM(C10:I10) -> 574
A11: 2B10 | B11: 劉思穎 | C11: 56 | D11: 63 | E11: 53 | F11: 55 | G11: 60 | H11: 60 | I11: 58 | J11: ==SUM(C11:I11) -> 405
A12: 2B11 | B12: 周俊熙 | C12: 70 | D12: 72 | E12: 65 | F12: 105 | G12: 74 | H12: 68 | I12: 71 | J12: ==SUM(C12:I12) -> 525
A13: 2B12 | B13: 葉凱琳 | C13: 61 | D13: 69 | E13: 76 | F13: 76 | G13: 75 | H13: 69 | I13: 61 | J13: ==SUM(C13:I13) -> 487
... A21: 2B20 | B21: 袁詩晴 | C21: 83 | D21: 77 | E21: 71 | F21: 82 | G21: 72 | H21: 63 | I21: 75 | J21: ==SUM(C21:I21) -> 523
A22: 2B21 | B22: 羅正賢 | C22: 66 | D22: 70 | E22: 58 | F22: 62 | H22: 64 | I22: 60 | J22: ==SUM(C22:I22) -> 380 | K22: 科學缺考（病假）
A23: 2B22 | B23: 蕭卓琳 | C23: 78 | D23: 84 | E23: 73 | F23: 78 | G23: 84 | H23: 90 | I23: 81 | J23: ==SUM(C23:I23) -> 568
A24: 2B23 | B24: 區健朗 | C24: 56 | D24: 66 | E24: 57 | F24: 48 | G24: 42 | H24: 43 | I24: 56 | J24: ==SUM(C24:I24) -> 368
A25: 2B24 | B25: 容樂兒 | C25: 45 | D25: 50 | E25: 38 | F25: 41 | G25: 47 | H25: 52 | I25: 44 | J25: ==SUM(C25:I25) -> 317
A26: 2B25 | B26: 高浩晴 | C26: 47 | D26: 69 | E26: 75 | F26: 61 | G26: 77 | H26: 70 | I26: 65 | J26: ==SUM(C26:I26) -> 464
A27: 2B26 | B27: 莫俊傑 | C27: 65 | D27: 71 | E27: 67 | F27: 73 | G27: 69 | H27: 89 | I27: 67 | J27: ==SUM(C27:I27) -> 501
A28: 2B27 | B28: 伍曉晴 | C28: 96 | D28: 82 | E28: 95 | F28: 77 | G28: 95 | H28: 93 | I28: 78 | J28: ==SUM(C28:I28) -> 616
A29: 2B28 | B29: 施文博 | C29: 59 | D29: 71 | E29: 70 | F29: 67 | G29: 66 | H29: 79 | I29: 85 | J29: ==SUM(C29:I29) -> 497
A30: 2B29 | B30: 歐陽思朗 | C30: 67 | D30: 70 | E30: 65 | F30: 76 | G30: 66 | H30: 78 | I30: 74 | J30: ==SUM(C30:I30) -> 496
A31: 2B30 | B31: 官詠恩 | C31: 61 | D31: 40 | E31: 45 | F31: 46 | G31: 39 | H31: 36 | I31: 42 | J31: ==SUM(C31:I31) -> 309

Sheet 說明
A1: 全部學生姓名與成績均為虛構，僅供 WorkBuddy 教學示範。

Sheet 小測1_分析報告
A1: 2B班 小測1《力與運動》成績分析報告 | B1: 2B班 小測1《力與運動》成績分析報告 | C1: 2B班 小測1《力與運動》成績分析報告 | D1: 2B班 小測1《力與運動》成績分析報告
A3: 一、全班統計（滿分 20 分，缺考不計入）
A4: 應考人數 | B4: ==COUNTA(小測1_力與運動!B2:B31) -> 30
A5: 到考人數 | B5: ==COUNT(小測1_力與運動!M2:M31) -> 29
A6: 缺考人數 | B6: ==COUNTIF(小測1_力與運動!M2:M31,"缺考") -> 1
A7: 全班平均分 | B7: ==ROUND(AVERAGE(小測1_力與運動!M2:M31),2) -> 13.97
A8: 最高分 | B8: ==MAX(小測1_力與運動!M2:M31) -> 20
A9: 最低分 | B9: ==MIN(小測1_力與運動!M2:M31) -> 7
A10: 及格率（10 分或以上） | B10: ==COUNTIF(小測1_力與運動!M2:M31,">=10")/COUNT(小測1_力與運動!M2:M31) -> 0.86206897
A12: 二、每題答對率（每題 2 分）
A13: 題號 | B13: 答對率 | C13: 考點 | D13: 題型
A14: Q1 | B14: ==SUM(小測1_力與運動!C2:C31)/(2*COUNT(小測1_力與運動!C2:C31)) -> 0.86206897 | C14: 力的單位（牛頓 N） | D14: 選擇
A15: Q2 | B15: ==SUM(小測1_力與運動!D2:D31)/(2*COUNT(小測1_力與運動!D2:D31)) -> 0.87931034 | C15: 重力與質量的分別 | D15: 選擇
A16: Q3 | B16: ==SUM(小測1_力與運動!E2:E31)/(2*COUNT(小測1_力與運動!E2:E31)) -> 0.89655172 | C16: 合力計算（同一直線） | D16: 計算
A17: Q4 | B17: ==SUM(小測1_力與運動!F2:F31)/(2*COUNT(小測1_力與運動!F2:F31)) -> 0.81034483 | C17: 摩擦力方向 | D17: 選擇
A18: Q5 | B18: ==SUM(小測1_力與運動!G2:G31)/(2*COUNT(小測1_力與運動!G2:G31)) -> 0.72413793 | C18: 平衡力判斷 | D18: 選擇
A19: Q6 | B19: ==SUM(小測1_力與運動!H2:H31)/(2*COUNT(小測1_力與運動!H2:H31)) -> 0.56896552 | C19: 牛頓第一定律：慣性情境解釋 | D19: 短答
A20: Q7 | B20: ==SUM(小測1_力與運動!I2:I31)/(2*COUNT(小測1_力與運動!I2:I31)) -> 0.65517241 | C20: 速度＝距離÷時間 | D20: 計算
A21: Q8 | B21: ==SUM(小測1_力與運動!J2:J31)/(2*COUNT(小測1_力與運動!J2:J31)) -> 0.67241379 | C21: 速度–時間圖讀圖 | D21: 讀圖
A22: Q9 | B22: ==SUM(小測1_力與運動!K2:K31)/(2*COUNT(小測1_力與運動!K2:K31)) -> 0.43103448 | C22: 加速度概念（a=Δv/t） | D22: 計算
A23: Q10 | B23: ==SUM(小測1_力與運動!L2:L31)/(2*COUNT(小測1_力與運動!L2:L31)) -> 0.48275862 | C23: 安全帶與慣性 | D23: 短答
A25: 三、最弱的 2 個考點
A26: 題號 | B26: 考點 | C26: 答對率
A27: {==INDEX(A$14:A$23,MATCH(C27,B$14:B$23,0))} -> Q9 | B27: {==INDEX(C$14:C$23,MATCH(C27,B$14:B$23,0))} -> 加速度概念（a=Δv/t） | C27: ==SMALL(B$14:B$23,1) -> 0.43103448
A28: {==INDEX(A$14:A$23,MATCH(C28,B$14:B$23,0))} -> Q10 | B28: {==INDEX(C$14:C$23,MATCH(C28,B$14:B$23,0))} -> 安全帶與慣性 | C28: ==SMALL(B$14:B$23,2) -> 0.48275862
A30: 四、低於 8 分的學生（缺考不計入）
A31: 學號 | B31: 姓名 | C31: 總分(滿分20)
A32: 2B05 | B32: 梁家俊 | C32: 7
A34: 五、教學建議
A35: 1. 全班整體表現理想（平均約 14 分、及格率 86.2%），力單位、合力計算與摩擦力方向等基礎考點掌握良好。 | B35: 1. 全班整體表現理想（平均約 14 分、及格率 86.2%），力單位、合力計算與摩擦力方向等基礎考點掌握良好。 | C35: 1. 全班整體表現理想（平均約 14 分、及格率 86.2%），力單位、合力計算與摩擦力方向等基礎考點掌握良好。 | D35: 1. 全班整體表現理想（平均約 14 分、及格率 86.2%），力單位、合力計算與摩擦力方向等基礎考點掌握良好。
A36: 2. 最弱的兩個考點是「加速度概念（a=Δv/t）」（答對率僅 43.1%）與「安全帶與慣性」（48.3%），建議以生活化例子重教加速度公式，並加強牛頓第一定律慣性情境的短答訓練。 | B36: 2. 最弱的兩個考點是「加速度概念（a=Δv/t）」（答對率 44.8%）與「安全帶與慣性」（46.6%），建議以生活化例子重教加速度公式並加強慣性情境的短答訓練。 | C36: 2. 最弱的兩個考點是「加速度概念（a=Δv/t）」（答對率 44.8%）與「安全帶與慣性」（46.6%），建議以生活化例子重教加速度公式並加強慣性情境的短答訓練。 | D36: 2. 最弱的兩個考點是「加速度概念（a=Δv/t）」（答對率 44.8%）與「安全帶與慣性」（46.6%），建議以生活化例子重教加速度公式並加強慣性情境的短答訓練。
A37: 3. 現時只有梁家俊（2B05，7 分）一人低於 8 分，宜安排個別輔導及跟進重測，並針對其重力與質量、慣性解釋、讀圖及加速度等失分範圍補底。 | B37: 3. 現時只有梁家俊（7 分）一人低於 8 分，宜安排個別輔導及跟進重測，並針對其多題失分的速度計算與讀圖範圍補底。 | C37: 3. 現時只有梁家俊（7 分）一人低於 8 分，宜安排個別輔導及跟進重測，並針對其多題失分的速度計算與讀圖範圍補底。 | D37: 3. 現時只有梁家俊（7 分）一人低於 8 分，宜安排個別輔導及跟進重測，並針對其多題失分的速度計算與讀圖範圍補底。
